TEXT,CREATED_AT,GROUP_NAME,BUILDING_NAME,CLIENT_NAME
Selling XL Dog crate for $65 OBO,2026-02-06 16:08:31.977196,Tribeca Tower Marketplace,Tribeca Tower,Related
"I‚Äôm looking to sell my very lightly used Trek Emonda road bike.  Let me know if you‚Äôre interested.  Cheers!

2021 TREK EMONDA ALR 5 DISC 58 GRAY-BLK

Includes Shimano  PD-EH500 SPD pedals

$2000 obo",2026-02-06 15:39:18.727011,Mason on Mariposa Marketplace,Mason on Mariposa,Related
"I‚Äôm looking to sell my very lightly used Trek Emonda road bike.  Let me know if you‚Äôre interested.  Cheers!

2021 TREK EMONDA ALR 5 DISC 58 GRAY-BLK

Includes Shimano  PD-EH500 SPD pedals

$2000 obo",2026-02-06 15:39:18.727011,Mason on Mariposa Marketplace,Mason on Mariposa,Related
Also interested,2026-02-06 15:10:51.186098,Marketplace Exchange at Riverwalk Heights,Riverwalk Heights,Related
I will take it,2026-02-06 14:03:12.281128,Marketplace Exchange at Riverwalk Heights,Riverwalk Heights,Related
Giving away 3-drawer dresser. Let me know if interested!,2026-02-06 14:02:08.448737,Marketplace Exchange at Riverwalk Heights,Riverwalk Heights,Related
"Selling Moose Knuckles size XS black Parka with Fur Hood ($450).  Features full zip front, multiple pockets and designed for warmth and style. In very good condition. 
",2026-02-05 21:55:31.220115,Tribeca Tower Marketplace,Tribeca Tower,Related
Happy Tails in FiDi is great. The staff is always kind and they‚Äôve given our 20lb cockapoo a lot of love,2026-02-05 20:22:43.662044,Pet Parents of Tribeca Tower,Tribeca Tower,Related
Hi! can anyone recommend a personal trainer who can come and train me in the gym in the building? ,2026-02-05 20:22:22.191800,Fitness at Tribeca Tower,Tribeca Tower,Related
Hi! Can anyone recommend a  doggy daycare that isn't the one right across the street? We have a 7-pound toy poodle and are looking for a place to send her occasionally. Thanks!,2026-02-05 20:20:09.766037,Pet Parents of Tribeca Tower,Tribeca Tower,Related
Hi! Can anyone suggest a good doggy daycare that isn't the one l right across the street?,2026-02-05 20:17:28.421091,Pet Parents of Tribeca Tower,Tribeca Tower,Related
"Selling a brand new HoMedics XL Towel Warmer, never opened and still in the box. $30 OBO",2026-02-05 20:09:36.961477,MiMA Marketplace,MIMA,Related
"Selling a brand new HoMedics XL Towel Warmer, never opened and still in the box. $30 OBO",2026-02-05 20:09:36.961477,MiMA Marketplace,MiMA,Related
"Selling a brand new HoMedics XL Towel Warmer, never opened and still in the box. $30 OBO",2026-02-05 20:09:36.961477,MiMA Marketplace,MiMA,Related
,2026-02-05 18:12:02.593674,Fitness at The Laurel,The Laurel,Related
,2026-02-05 18:12:02.593674,Fitness at The Laurel,The Laurel,Related
How to set up account ,2026-02-05 15:35:25.652520,The Laurel Marketplace,The Laurel,Related
How to set up account ,2026-02-05 15:35:25.652520,The Laurel Marketplace,The Laurel,Related
Prestige Cleaning,2026-02-05 15:35:09.826407,The Laurel Marketplace,The Laurel,Related
Prestige Cleaning,2026-02-05 15:35:09.826407,The Laurel Marketplace,The Laurel,Related
"Hi! Does anyone own a baby scale I could borrow tomorrow by chance, pls?",2026-02-05 14:40:29.327443,Marketplace Exchange at Riverwalk Heights,Riverwalk Heights,Related
Pottery barn kids quilt free ,2026-02-04 20:40:00.429168,Tribeca Park Marketplace,Tribeca Park,Related
Pottery Barn kids quilts free ,2026-02-04 20:39:41.875161,Tribeca Park Marketplace,Tribeca Park,Related
Selling Brand New Canada Pooch size 1 dog shoes - $40 (retail $60) couldn‚Äôt return and didn‚Äôt fit our dog ,2026-02-04 20:34:41.092518,Tribeca Tower Marketplace,Tribeca Tower,Related
Selling Brand new Canada Pooch Size 14 Dog Snow Suit - $60 (retail $90) couldn‚Äôt return and didn‚Äôt fit our dog ,2026-02-04 20:33:57.352240,Tribeca Tower Marketplace,Tribeca Tower,Related
Bloom highchair $400 ,2026-02-04 18:52:33.407850,MiMA Marketplace,MIMA,Related
Bloom highchair $400 ,2026-02-04 18:52:33.407850,MiMA Marketplace,MiMA,Related
Bloom highchair $400 ,2026-02-04 18:52:33.407850,MiMA Marketplace,MiMA,Related
Pottery Barn - Sausalito Cane-Queen bed; dresser 6-drawer 36‚Äù; 2 night stands 32‚Äù Mattress/boxspring,2026-02-04 18:50:57.538516,MiMA Marketplace,MIMA,Related
Pottery Barn - Sausalito Cane-Queen bed; dresser 6-drawer 36‚Äù; 2 night stands 32‚Äù Mattress/boxspring,2026-02-04 18:50:57.538516,MiMA Marketplace,MiMA,Related
Pottery Barn - Sausalito Cane-Queen bed; dresser 6-drawer 36‚Äù; 2 night stands 32‚Äù Mattress/boxspring,2026-02-04 18:50:57.538516,MiMA Marketplace,MiMA,Related
Pottery Barn - Sausalito Cane-Queen bed; dresser 6-drawer 36‚Äù; 2 night stands 32‚Äù Mattress/boxspring,2026-02-04 18:49:37.021147,MiMA Marketplace,MiMA,Related
Pottery Barn - Sausalito Cane-Queen bed; dresser 6-drawer 36‚Äù; 2 night stands 32‚Äù Mattress/boxspring,2026-02-04 18:49:37.021147,MiMA Marketplace,MIMA,Related
Pottery Barn - Sausalito Cane-Queen bed; dresser 6-drawer 36‚Äù; 2 night stands 32‚Äù Mattress/boxspring,2026-02-04 18:49:37.021147,MiMA Marketplace,MiMA,Related
"Hi neighbors! 

I‚Äôm Stephanie, and I live in the building. I‚Äôm a long-time endurance athlete and coach, and I wanted to put it out there in case anyone‚Äôs interested in getting into running or triathlon this year.

I‚Äôve completed 6+ full-distance Ironman races, over 20 half-distance Ironman events, and I‚Äôm currently working on the 6 original World Major Marathons. If you‚Äôre curious about training, racing, or just want some structure and accountability, I offer coaching and would love to help.

Feel free to reach out if you‚Äôre interested. ",2026-02-04 18:26:31.853831,Fitness at 10K,10K,Related
"Selling for $3,000
Pottery Barn - Sausalito Cane-Queen bed; dresser 6-drawer 36‚Äù; 2 night stands 32‚Äù Mattress/boxspring. ",2026-02-04 18:03:36.170850,MiMA Marketplace,MIMA,Related
"Selling for $3,000
Pottery Barn - Sausalito Cane-Queen bed; dresser 6-drawer 36‚Äù; 2 night stands 32‚Äù Mattress/boxspring. ",2026-02-04 18:03:36.170850,MiMA Marketplace,MiMA,Related
"Selling for $3,000
Pottery Barn - Sausalito Cane-Queen bed; dresser 6-drawer 36‚Äù; 2 night stands 32‚Äù Mattress/boxspring. ",2026-02-04 18:03:36.170850,MiMA Marketplace,MiMA,Related
Selling a Pottery Barn 3-4 person sofa. Originally cost $4600. Selling for $750. ,2026-02-04 17:59:14.688913,MiMA Marketplace,MiMA,Related
Selling a Pottery Barn 3-4 person sofa. Originally cost $4600. Selling for $750. ,2026-02-04 17:59:14.688913,MiMA Marketplace,MIMA,Related
Selling a Pottery Barn 3-4 person sofa. Originally cost $4600. Selling for $750. ,2026-02-04 17:59:14.688913,MiMA Marketplace,MiMA,Related
Hey! Is anyone traveling or willing to sublet their apartment from March 5th to 12th or 12th to 19th? ,2026-02-04 14:59:10.821903,Marketplace Exchange at Riverwalk Heights,Riverwalk Heights,Related
"Hi, we‚Äôre interested!",2026-02-04 12:59:10.303966,Marketplace Exchange at Riverwalk Heights,Riverwalk Heights,Related
I would be interested in the one desk! ,2026-02-04 12:57:54.360271,Marketplace Exchange at Riverwalk Heights,Riverwalk Heights,Related
Giving away 2 sit/stand desks and 2 desk chairs for free. Let me know if interested!,2026-02-04 12:56:51.155424,Marketplace Exchange at Riverwalk Heights,Riverwalk Heights,Related
"Anyone looking for a standup desk? Hoping to get rid of it ASAP, will give away for free. All plugin/electronics work - dimensions are 47‚ÄùW x 24‚ÄùD x 28.5‚ÄùH",2026-02-04 04:17:51.757264,The Caledonia Marketplace,The Caledonia,Related
"Anyone looking for a standup desk? Hoping to get rid of it ASAP, will give away for free. All plugin/electronics work - dimensions are 47‚ÄùW x 24‚ÄùD x 28.5‚ÄùH",2026-02-04 04:17:51.757264,The Caledonia Marketplace,The Caledonia - Owned Condos,Related
C&B rocking chair. Paid $1000. Asking $300,2026-02-04 02:01:06.654099,Tribeca Tower Marketplace,Tribeca Tower,Related
C&B daybed for sale. Paid $1200. Selling for $300,2026-02-04 02:00:20.235277,Tribeca Tower Marketplace,Tribeca Tower,Related
What is the height of the table Carly?,2026-02-03 17:06:19.179165,Tribeca Tower Marketplace,Tribeca Tower,Related
Hi Everyone! Please remember to pick up your dogs poop. I don't know who keeps leaving it on the street and upstairs in the dog run but that's crazy,2026-02-03 13:07:20.112010,Pet Parents of 10K,10K,Related
Does anyone need a small table? It‚Äôs silver with a marble top. $30,2026-02-03 03:47:18.903954,Tribeca Tower Marketplace,Tribeca Tower,Related
John. What are the specs for that monitor?  Model #.  ,2026-02-02 17:22:11.266677,Tribeca Tower Marketplace,Tribeca Tower,Related
üì∑ image,2026-02-02 17:07:44.614457,Marketplace Exchange at Riverwalk Heights,Riverwalk Heights,Related
üì∑ image,2026-02-02 17:05:12.489250,Marketplace Exchange at Riverwalk Heights,Riverwalk Heights,Related
Crescent wrench work?,2026-02-02 17:04:44.700676,Marketplace Exchange at Riverwalk Heights,Riverwalk Heights,Related
Does anyone has a wrench I can borrow quickly? ,2026-02-02 16:58:00.167482,Marketplace Exchange at Riverwalk Heights,Riverwalk Heights,Related
Morgan S. We are very interested in the couch. Could we come and see it? Thank you so much. Here‚Äôs my number to coordinate 9296574684. ,2026-02-02 02:38:09.333150,Tribeca Tower Marketplace,Tribeca Tower,Related
Article dining bench. Paid $650. Selling for $150 ,2026-02-02 01:20:06.823694,Tribeca Tower Marketplace,Tribeca Tower,Related
West Elm Dining Table. Paid $500 selling for $250,2026-02-02 01:18:58.315509,Tribeca Tower Marketplace,Tribeca Tower,Related
Selling Pottery Barn king size bed frame. Four storage drawers in the base. Paid $2300. Selling for $500,2026-02-02 01:10:38.954750,Tribeca Tower Marketplace,Tribeca Tower,Related
"Selling a brand new twin mattress: original price $133, selling price $50

https://www.walmart.com/ip/Spa-Sensations-Serenity-by-Zinus-8-Memory-Foam-Mattress-Twin/2247654167?wmlspartner=wlpa&cn=FY25-ENTP-PMAX_cnv_dps_dsn_dis_ad_entp_e_n&gclsrc=aw.ds&adid=22222222298_0000000000_21407473164&wl0=&wl1=x&wl2=m&wl3=&wl4=&wl5=9207015&wl6=&wl7=&wl8=&wl9=&wl10=&wl11=&wl12=&veh=sem&gad_source=1&gad_campaignid=21417972613&gbraid=0AAAAADmfBIr25KMsOpHaYZ-lJzUbYuuXN&gclid=Cj0KCQiAkPzLBhD4ARIsAGfah8hB7IqzZf7VeT69GdSocobNXEstcL_eHZeSLWOwSy5lMIk6X2DiNpsaAgsmEALw_wcB",2026-02-02 01:00:43.873473,The Westport Marketplace,The Westport,Related
Text 310-435-4272 for pics and prices ,2026-02-02 00:59:07.636060,Abington House Marketplace,Abington House,Related
Text 310-435-4272 for pics and prices ,2026-02-02 00:59:07.636060,Abington House Marketplace,Abington House,Related
"Mens Designer Sale : Thom Browne, Balenciaga, Lanvin, BODE, and Chanel. Men‚Äôs shoe size 9 clothing M-L",2026-02-02 00:58:36.054922,Abington House Marketplace,Abington House,Related
"Mens Designer Sale : Thom Browne, Balenciaga, Lanvin, BODE, and Chanel. Men‚Äôs shoe size 9 clothing M-L",2026-02-02 00:58:36.054922,Abington House Marketplace,Abington House,Related
More photos of entertainment center. It comes with two bookshelves ,2026-02-02 00:54:06.790977,Tribeca Tower Marketplace,Tribeca Tower,Related
Selling C&B entertainment center. Paid $3400. Selling for $700,2026-02-02 00:53:39.457173,Tribeca Tower Marketplace,Tribeca Tower,Related
Selling C&B dresser. Paid $1200. Selling for $250,2026-02-02 00:52:14.973931,Tribeca Tower Marketplace,Tribeca Tower,Related
Additional photo (ottoman included),2026-02-02 00:51:09.907578,Tribeca Tower Marketplace,Tribeca Tower,Related
Additional photos: ,2026-02-02 00:50:51.042023,Tribeca Tower Marketplace,Tribeca Tower,Related
"Selling C&B couch. Paid $3200. Selling for $600. Photos below. Lightly used. 

",2026-02-02 00:50:25.541673,Tribeca Tower Marketplace,Tribeca Tower,Related
"To Give: free levoit replacement air filter, i ordered the wrong size ",2026-02-02 00:05:46.962682,Tribeca Park Marketplace,Tribeca Park,Related
Thank you!,2026-02-01 20:21:43.822214,Fitness at Abington House,Abington House,Related
Thank you!,2026-02-01 20:21:43.822214,Fitness at Abington House,Abington House,Related
